Name,Price,Stock,Color,Size
Outline Ribbed Jacket in Eggshell,IDR 529.000,18 IN STOCK,Eggshell,"['XS', 'S', 'M']"
State Tank Top in Lavender Mist,IDR 157.050,1 IN STOCK,Lavender,['XS']
Twist-Back Long Sleeve Bra Top in Eggshell,IDR 415.650,7 IN STOCK,Eggshell,"['M', 'L', 'XL']"
Persona Bra Tank in Moss (L & XL LEFT),IDR 439.000,1 IN STOCK,,['N/A']
Everyday T-shirt in Black,IDR 299.000,2 IN STOCK,Black,['XS']
Scallop V-shape Panty In Cream,IDR 90.300,7 IN STOCK,Cream,['XL']
Warm-Up Knit Jacket in Midnight Navy,IDR 699.000,20 IN STOCK,Midnight Navy,['One Size']
Dive Bra Top in Bubblegum,IDR 288.000,OUT OF STOCK,Pink,['N/A']
Lavish Pleated Tennis Skirt in Emerald (XS LEFT),IDR 299.400,7 IN STOCK,Emerald,['XS']
Asymmetrical Pleated Skirt in White,IDR 579.000,2 IN STOCK,White,"['XS', 'S', 'M', 'L']"
Fluff Tank Top in White,IDR 364.650,11 IN STOCK,White,"['XS', 'S', 'M']"
Step Wide Pants in Mosswood,IDR 599.000,1 IN STOCK,Green,"['XS', 'S']"
Flex Tank in Midnight Navy,IDR 469.000,5 IN STOCK,Midnight Navy,"['XS', 'S', 'M']"
Fluff Tank Top in Black,IDR 364.650,4 IN STOCK,Black,"['XS', 'S', 'M']"
Tour Polo Top in White (LAST PIECES),IDR 499.000,2 IN STOCK,White,['M']
Absolute Flare Pants in Midnight Navy,IDR 529.000,10 IN STOCK,Midnight Navy,"['XS', 'S', 'M', 'L']"
Victory Jacket in Sky Blue,IDR 599.000,14 IN STOCK,Sky Blue,['L']
Lightweight Cropped Jacket in Fog Grey (1XL LEFT),IDR 389.350,1 IN STOCK,Grey,['XL']
Sierra Wrap Top in Espresso,IDR 429.000,5 IN STOCK,Espresso,"['S-M', 'L-XL']"
Routine Bra Top in Black,IDR 489.000,2 IN STOCK,Black,['XS']
Chill Sweatpant in Glacier Grey,IDR 251.600,2 IN STOCK,Grey,['XL']
Apex Polo Bra Top in Blush (LAST PIECE),IDR 499.000,7 IN STOCK,Blush,['XS']
Routine Bra Top in White,IDR 489.000,7 IN STOCK,White,['M']
Awaken Leggings in Black,IDR 479.000,33 IN STOCK,Black,"['XS', 'S', 'M', 'L']"
Lux High Impact Leggings in White,IDR 509.000,7 IN STOCK,White,"['XS', 'S', 'M', 'L']"
Focus Ribbed Bra Top in Eggshell,IDR 469.000,3 IN STOCK,Eggshell,"['XS', 'S', 'L']"
Radiant Bra Top in Black,IDR 499.000,8 IN STOCK,Black,['M']
Boast Contrast Bra Top in Black,IDR 470.000,4 IN STOCK,Black,['XS']
Sideline Pleated Skirt in Midnight Navy,IDR 549.000,14 IN STOCK,Midnight Navy,['XS']
Energy Biker Shorts in Burgundy Wine,IDR 399.000,18 IN STOCK,Burgundy Wine,['XS']
Training Cargo Pant in Eggshell,IDR 699.000,11 IN STOCK,Eggshell,['XS']
Ultrasoft Moss Flare Pants,IDR 509.150,12 IN STOCK,Green,"['XS', 'S', 'M', 'L']"
Tour Polo Top in Black (LAST PIECES),IDR 499.000,1 IN STOCK,Black,"['XS', 'M']"
Eden Longsleeve Wrap Top in Sand,IDR 449.000,2 IN STOCK,Brown,"['S', 'M', 'L']"
Sideline Pleated Skirt in Baby Blue,IDR 399.000,14 IN STOCK,Baby Blue,['XS']
Stream Moss Long-sleeved Top,IDR 449.650,15 IN STOCK,Green,"['XS', 'S']"
Valley Wrap Top in White,IDR 429.000,30 IN STOCK,White,['L-XL']
Restore Bra Top in Lilac,IDR 459.000,5 IN STOCK,Lilac,"['XS', 'S', 'M']"
Ultralite Flare Pants in Burgundy Wine,IDR 529.000,2 IN STOCK,Burgundy Wine,"['XS', 'S', 'M', 'L']"
Cuddle Hoodie in Steel Blue,IDR 269.550,5 IN STOCK,,['N/A']
Elevated+ Jacket in Steel Blue,IDR 749.000,2 IN STOCK,Blue,['S']
Endure top in Misty Pink (S LEFT),IDR 399.000,4 IN STOCK,Misty Pink,['S']
Circuit Pleated Skirt in Black,IDR 299.000,20 IN STOCK,Black,"['XS', 'S']"
Flash Running Shorts in Bubblegum (XS LEFT),IDR 179.550,4 IN STOCK,Pink,['XS']
Radiant Bra Top in Khaki ( M & L LEFT),IDR 499.000,2 IN STOCK,Khaki,"['M', 'L']"
Raise Jacket in Eggshell (LAST PIECE),IDR 529.000,1 IN STOCK,Eggshell,['XS']
Speed V-Waist Skirt in Bubblegum,IDR 328.300,4 IN STOCK,Bubblegum,"['XS', 'S', 'M']"
Energy Biker Shorts In Black,IDR 399.000,14 IN STOCK,Black,['XS']
Fluid Legging in Marine,IDR 459.000,19 IN STOCK,Blue,"['XS', 'S', 'M', 'L']"
Ultralite Flare Pants in Black,IDR 529.000,38 IN STOCK,Black,"['XS', 'L']"
Awaken Leggings In Graphite Grey,IDR 479.000,6 IN STOCK,Graphite Grey,"['XS', 'S']"
Curve Jogger in Black,IDR 529.000,10 IN STOCK,Black,"['S', 'M', 'L']"
Glide Legging in Burgundy Wine (LAST PIECE),IDR 479.000,10 IN STOCK,Burgundy Wine,['XS']
Vault Long Sleeve Top in Black,IDR 249.000,1 IN STOCK,Black,['XS']
Conquer Headband in Classic Blue,IDR 189.000,3 IN STOCK,Classic Blue,['N/A']
Sense Long Sleeve Bra Top Brown (2 Left),IDR 214.500,2 IN STOCK,Brown,['L']
Warm-Up Knit Jacket in Forest (5 LEFT),IDR 699.000,5 IN STOCK,Forest,['One Size']
Embody Jacket in Cobalt Blue,IDR 699.000,1 IN STOCK,Cobalt Blue,"['XS', 'S', 'M', 'L']"
Luxe+ Contoured Jacket in Moss,IDR 699.000,2 IN STOCK,Green,"['XS', 'S']"
Apex Polo Bra Top in Black (LAST PIECES),IDR 499.000,11 IN STOCK,Black,"['XS', 'S']"
Rebound Dress in White,IDR 399.000,1 IN STOCK,White,['M']
Pavilion Polo Top in Midnight Navy (XS LEFT),IDR 399.000,7 IN STOCK,Midnight Navy,['XS']
Outline Ribbed Jacket in Black,IDR 449.650,4 IN STOCK,Black,['S']
Seamless Nursing Bra in Graphite (XXL LEFT),IDR 164.500,7 IN STOCK,Graphite,['XXL']
Hustle Flare Pants in Steel Blue,IDR 599.000,1 IN STOCK,Steel Blue,"['S', 'M', 'L', 'XL']"
Match Point Skirt in Baby Blue,IDR 549.000,5 IN STOCK,Baby Blue,"['XS', 'M']"
Solid Bra Top in Sand,IDR 499.000,10 IN STOCK,Brown,"['M', 'L']"
Achieve Running Shorts in Black,IDR 349.000,1 IN STOCK,Black,['S']
Lightweight Cropped Jacket in Black,IDR 599.000,3 IN STOCK,Black,"['S', 'M', 'L', 'XL']"
Awaken Leggings in Midnight Navy,IDR 479.000,6 IN STOCK,Midnight Navy,"['XS', 'S', 'M', 'L']"
Ace Skirt In Navy,IDR 264.500,11 IN STOCK,Navy,['XS']
Baseline Polo Top in Espresso,IDR 499.000,18 IN STOCK,Espresso,"['XS', 'S', 'M', 'L']"
Soho Jacket in Midnight Navy (LAST PIECES),IDR 629.000,1 IN STOCK,Midnight Navy,"['M', 'L']"
Headline Side-Pleated Skirt in Jade Green (XS LEFT),IDR 299.000,5 IN STOCK,Jade Green,['XS']
Racer Contrast Jacket in White,IDR 649.000,14 IN STOCK,White,"['XS', 'S']"
Sideline Pleated Skirt in Rosé,IDR 399.000,21 IN STOCK,Rose,"['XS', 'S']"
Raise Jacket in Black (LAST PIECE),IDR 529.000,1 IN STOCK,Black,"['XS', 'S']"
Speed Up Jacket in Eggshell (LAST PIECES),IDR 599.000,2 IN STOCK,Eggshell,"['XS', 'S']"
Twirl Skirt in Black,IDR 599.000,25 IN STOCK,White,"['XS', 'S']"
Match Point Skirt in White,IDR 549.000,2 IN STOCK,White,"['S', 'M']"
Paddock Bra Top in Black,IDR 519.000,12 IN STOCK,Black,"['XS', 'S']"
Achieve Running Short in Espresso,IDR 349.000,7 IN STOCK,Brown,"['XS', 'S', 'M', 'L']"
Solid Bra Top in Marine,IDR 499.000,3 IN STOCK,Blue,"['XS', 'S', 'M', 'L']"
Circuit Pleated Skirt in White,IDR 299.000,25 IN STOCK,White,"['XS', 'S']"
Snuggle Top In Burgundy Wine,IDR 599.000,18 IN STOCK,Burgundy Wine,['One Size']
Lavish Pleated Tennis Skirt in Baby Pink (XS LEFT),IDR 299.400,3 IN STOCK,Baby Pink,['XS']
Endure Top in Steel Blue,IDR 399.000,1 IN STOCK,Steel Blue,['XS']
Restore Long Sleeve Bra Top in Black,IDR 399.000,11 IN STOCK,Black,"['XS', 'S', 'M']"
Constant Legging in Cherry,IDR 399.000,5 IN STOCK,,"['XS', 'S', 'M', 'L']"
Money Good Grip Socks in Cornflower Blue,IDR 229.000,125 IN STOCK,Blue,['N/A']
Raglan Jacket in Raisin,IDR 649.000,4 IN STOCK,Brown,"['XS', 'S', 'M']"
Raglan Jacket in Moss,IDR 649.000,9 IN STOCK,Green,"['XS', 'S', 'M']"
Victory Jacket in White,IDR 599.000,19 IN STOCK,White,['L']
Boast Contrast Bra Top in Midnight Navy (XS LEFT),IDR 470.000,3 IN STOCK,Midnight Navy,['XS']
Toned Bra Tank in White,IDR 449.000,1 IN STOCK,White,['L']
Deuce Contrast Polo Top in Black,IDR 519.000,2 IN STOCK,Black,"['S', 'M', 'L']"
Sideline Pleated Skirt in Black,IDR 399.000,11 IN STOCK,Black,['XS']
Divine V-shape Panty In Ivory,IDR 76.300,2 IN STOCK,Ivory,"['L', 'XL']"
Dominance Short in Espresso (XS LEFT),IDR 399.000,3 IN STOCK,Espresso,['XS']
Divine V-shape Panty In Black (L & XL LEFT),IDR 76.300,5 IN STOCK,Black,['XL']
Hustle Flare Pants in Black,IDR 599.000,10 IN STOCK,Black,"['S', 'M', 'L', 'XL']"
Vivid Top in White,IDR 364.650,15 IN STOCK,White,['XS']
Twirl Skirt in White,IDR 499.000,10 IN STOCK,White,"['XS', 'S', 'M', 'L']"
Strive Bra Top in Forest (XS LEFT),IDR 399.000,3 IN STOCK,Forest,['XS']
Muse Rib Bra Top in Burgundy Wine,IDR 499.000,4 IN STOCK,Burgundy Wine,"['XS', 'M']"
Match Point Skirt in Navy,IDR 549.000,6 IN STOCK,Navy,"['XS', 'S']"
Curve Jogger in Eggshell,IDR 529.000,2 IN STOCK,White,"['S', 'M', 'L']"
Step Wide Pants in Black,IDR 599.000,1 IN STOCK,Black,['S']
Divine V-shape Panty In White (LAST PIECES),IDR 76.300,8 IN STOCK,White,"['L', 'XL']"
Lunette Long Sleeve Outer in Moss,IDR 399.000,10 IN STOCK,Green,"['XS', 'S', 'M', 'L']"
Rhythm Bra Top in Moss,IDR 399.000,4 IN STOCK,Green,"['M', 'L']"
Sculpt Thermal Jacket in Black,IDR 599.000,30 IN STOCK,Black,"['M', 'L', 'XL']"
Heart Contrast Bra Tank in White,IDR 424.150,6 IN STOCK,White,"['M', 'L']"
Rebound Dress in Navy,IDR 399.000,6 IN STOCK,Navy,"['XS', 'S', 'M']"
Seamless Nursing Bra in Light Pink (3 Left),IDR 164.500,2 IN STOCK,Light Pink,['XXL']
Powerflex Bra in White,IDR 336.750,2 IN STOCK,White,"['XS', 'L']"
Asana Biker Shorts in Navy,IDR 429.000,17 IN STOCK,Navy,"['XS', 'S']"
Twirl Skirt in Midnight Navy,IDR 499.000,9 IN STOCK,Midnight Navy,"['XS', 'S', 'M', 'L']"
Rhythm Bra Top in Marine,IDR 399.000,14 IN STOCK,Blue,"['S', 'L']"
Peak Zip-Bra in Ivory (XS LEFT),IDR 249.000,5 IN STOCK,Ivory,['XS']
Ultraflare Pants in Black (XS & S LEFT),IDR 529.000,3 IN STOCK,Black,"['XS', 'S']"
Racer Contrast Jacket in Black,IDR 649.000,8 IN STOCK,Black,"['XS', 'S', 'L']"
Essence Straight Pants in Midnight Navy,IDR 499.000,10 IN STOCK,Midnight Navy,"['XS', 'S']"
Stream Black Long-sleeved Top,IDR 529.000,9 IN STOCK,Black,"['XS', 'S']"
Warm-Up Knit Jacket in Dark Cherry (LAST PIECES),IDR 699.000,9 IN STOCK,Dark Cherry,['One Size']
Prime Polo Top in White,IDR 429.000,2 IN STOCK,White,"['M', 'L']"
Crossover Panty in Light Pink,IDR 99.000,9 IN STOCK,Light Pink,"['XL', 'XXL']"
Peak Zip-Bra in Black,IDR 249.000,6 IN STOCK,Black,"['XS', 'S']"
Lightweight Cropped Jacket in White,IDR 599.000,4 IN STOCK,White,"['M', 'L', 'XL']"
Solene Baby Tee in Marine,IDR 380.000,19 IN STOCK,Blue,"['XS', 'S', 'M', 'L']"
Raglan Jacket in Marine,IDR 649.000,16 IN STOCK,Blue,"['XS', 'S', 'M']"
Dive Bra Top In Black,IDR 480.000,9 IN STOCK,Black,"['XS', 'M']"
Twist-Back Long Sleeve Bra Top in Black,IDR 415.650,4 IN STOCK,Black,"['M', 'L']"
Energy Biker Shorts In Navy (XS LEFT),IDR 239.400,2 IN STOCK,Navy,['XS']
Lune Flare Pants in Moss,IDR 449.650,2 IN STOCK,Green,['XS']
Toned Bra Tank in Black (XS LEFT),IDR 449.000,5 IN STOCK,Black,['XS']
Kinetic Jogger in Oat,IDR 199.000,16 IN STOCK,Oat,"['S', 'M']"
Mind Skirt in Black (LAST PIECES),IDR 399.000,4 IN STOCK,Black,['XS']
Hustle Flare Pants in Espresso,IDR 599.000,5 IN STOCK,Espresso,"['S', 'M', 'L', 'XL']"
Highlight Legging in Moss,IDR 424.150,2 IN STOCK,Moss,"['M', 'L', 'XL']"
Urban Shorts in Marine,IDR 399.000,5 IN STOCK,Blue,"['XS', 'S', 'M']"
Cherry Good Grip Socks in White,IDR 229.000,109 IN STOCK,White,['N/A']
Cloud Bra in Black,IDR 202.300,13 IN STOCK,Black,"['S', 'M', 'XL', 'XXL']"
Good Grip Gloves in White,IDR 149.000,3 IN STOCK,White,['OS']
Cloud Bra in Nude,IDR 202.300,6 IN STOCK,,['N/A']
Lunette Long Sleeve Outer in Marine,IDR 399.000,9 IN STOCK,Blue,"['XS', 'S', 'M', 'L']"
Box-Pleat Tennis Skirt in Pacific Blue,IDR 399.000,23 IN STOCK,Pacific Blue,"['XS', 'S']"
Training Cargo Pant in Black (XS LEFT),IDR 699.000,5 IN STOCK,Black,['XS']
Scallop V-shape Panty In Black (L & XL LEFT),IDR 90.300,3 IN STOCK,Black,['XL']
Awaken Leggings in Espresso,IDR 479.000,30 IN STOCK,Espresso,"['XS', 'S', 'M', 'L']"
Phase Hooded Jacket in Pacific Blue,IDR 399.000,11 IN STOCK,Pacific Blue,"['XS', 'S']"
Asymmetrical Pleated Skirt in Black,IDR 579.000,13 IN STOCK,Black,"['XS', 'S', 'M']"
Intrigue Contrast Bra Top in Black (M LEFT),IDR 499.000,8 IN STOCK,Black,"['M', 'L']"
Heart Contrast Bra Tank in Black,IDR 424.150,6 IN STOCK,Black,"['M', 'L']"
Supreme Half-Zip Hoodie in White,IDR 449.250,29 IN STOCK,White,"['M', 'L']"
Good Grip Gloves in Black,IDR 149.000,OUT OF STOCK,Black,['N/A']
Mantra Bra in Midnight Navy,IDR 249.000,3 IN STOCK,Midnight Navy,['XS']
Essence Straight Pants in Black,IDR 499.000,1 IN STOCK,Black,"['XS', 'S', 'M']"
7/8 Revive Leggings in Black,IDR 298.350,4 IN STOCK,Black,['XS']
Sideline Pleated Skirt in Forest,IDR 399.000,12 IN STOCK,Forest,['XS']
Solene Baby Tee in Moss,IDR 380.000,9 IN STOCK,Green,"['XS', 'S']"
