Product,Regular Price,Discounted Price,Discount
Mauve Linen Striped Shirt,2299,899,61% off
Green Linen Striped Shirt,2299,899,61% off
Green Oxford Striped Shirt,2299,849,63% off
Beige Oxford Striped Shirt,2299,849,63% off
Denim Blue Acid Wash Polo T-shirt,1999,699,65% off
Grey Acid Wash Polo T-shirt,1999,699,65% off
Pool Blue Jacquard Striped T-Shirt,1199,449,63% off
White Jacquard Striped T-Shirt,1199,449,63% off
Stone Grey Dual Pocket Corduroy Shirt,2499,899,64% off
Dusty Olive Dual Pocket Corduroy Shirt,2499,899,64% off
Lavender Star Patch Oversized T-Shirt,1499,899,40% off
Black HD Print Patch Oversized T-Shirt,1499,749,50% off
Mauve Linen Striped Shirt,2299,899,61% off
Green Linen Striped Shirt,2299,899,61% off
Green Oxford Striped Shirt,2299,849,63% off
Beige Oxford Striped Shirt,2299,849,63% off
Denim Blue Acid Wash Polo T-shirt,1999,699,65% off
Grey Acid Wash Polo T-shirt,1999,699,65% off
Pool Blue Jacquard Striped T-Shirt,1199,449,63% off
White Jacquard Striped T-Shirt,1199,449,63% off
Stone Grey Dual Pocket Corduroy Shirt,2499,899,64% off
Dusty Olive Dual Pocket Corduroy Shirt,2499,899,64% off
Lavender Star Patch Oversized T-Shirt,1499,899,40% off
Black HD Print Patch Oversized T-Shirt,1499,749,50% off
Mauve Linen Striped Shirt,2299,899,61% off
Green Linen Striped Shirt,2299,899,61% off
Green Oxford Striped Shirt,2299,849,63% off
Beige Oxford Striped Shirt,2299,849,63% off
Denim Blue Acid Wash Polo T-shirt,1999,699,65% off
Grey Acid Wash Polo T-shirt,1999,699,65% off
Pool Blue Jacquard Striped T-Shirt,1199,449,63% off
White Jacquard Striped T-Shirt,1199,449,63% off
Stone Grey Dual Pocket Corduroy Shirt,2499,899,64% off
Dusty Olive Dual Pocket Corduroy Shirt,2499,899,64% off
Lavender Star Patch Oversized T-Shirt,1499,899,40% off
Black HD Print Patch Oversized T-Shirt,1499,749,50% off
Mauve Linen Striped Shirt,2299,899,61% off
Green Linen Striped Shirt,2299,899,61% off
Green Oxford Striped Shirt,2299,849,63% off
Beige Oxford Striped Shirt,2299,849,63% off
Denim Blue Acid Wash Polo T-shirt,1999,699,65% off
Grey Acid Wash Polo T-shirt,1999,699,65% off
Pool Blue Jacquard Striped T-Shirt,1199,449,63% off
White Jacquard Striped T-Shirt,1199,449,63% off
Stone Grey Dual Pocket Corduroy Shirt,2499,899,64% off
Dusty Olive Dual Pocket Corduroy Shirt,2499,899,64% off
Lavender Star Patch Oversized T-Shirt,1499,899,40% off
Black HD Print Patch Oversized T-Shirt,1499,749,50% off
Mauve Linen Striped Shirt,2299,899,61% off
Green Linen Striped Shirt,2299,899,61% off
Green Oxford Striped Shirt,2299,849,63% off
Beige Oxford Striped Shirt,2299,849,63% off
Denim Blue Acid Wash Polo T-shirt,1999,699,65% off
Grey Acid Wash Polo T-shirt,1999,699,65% off
Pool Blue Jacquard Striped T-Shirt,1199,449,63% off
White Jacquard Striped T-Shirt,1199,449,63% off
Stone Grey Dual Pocket Corduroy Shirt,2499,899,64% off
Dusty Olive Dual Pocket Corduroy Shirt,2499,899,64% off
Lavender Star Patch Oversized T-Shirt,1499,899,40% off
Black HD Print Patch Oversized T-Shirt,1499,749,50% off
Mauve Linen Striped Shirt,2299,899,61% off
Green Linen Striped Shirt,2299,899,61% off
Green Oxford Striped Shirt,2299,849,63% off
Beige Oxford Striped Shirt,2299,849,63% off
Denim Blue Acid Wash Polo T-shirt,1999,699,65% off
Grey Acid Wash Polo T-shirt,1999,699,65% off
Pool Blue Jacquard Striped T-Shirt,1199,449,63% off
White Jacquard Striped T-Shirt,1199,449,63% off
Stone Grey Dual Pocket Corduroy Shirt,2499,899,64% off
Dusty Olive Dual Pocket Corduroy Shirt,2499,899,64% off
Lavender Star Patch Oversized T-Shirt,1499,899,40% off
Black HD Print Patch Oversized T-Shirt,1499,749,50% off
Mauve Linen Striped Shirt,2299,899,61% off
Green Linen Striped Shirt,2299,899,61% off
Green Oxford Striped Shirt,2299,849,63% off
Beige Oxford Striped Shirt,2299,849,63% off
Denim Blue Acid Wash Polo T-shirt,1999,699,65% off
Grey Acid Wash Polo T-shirt,1999,699,65% off
Pool Blue Jacquard Striped T-Shirt,1199,449,63% off
White Jacquard Striped T-Shirt,1199,449,63% off
Stone Grey Dual Pocket Corduroy Shirt,2499,899,64% off
Dusty Olive Dual Pocket Corduroy Shirt,2499,899,64% off
Lavender Star Patch Oversized T-Shirt,1499,899,40% off
Black HD Print Patch Oversized T-Shirt,1499,749,50% off
Mauve Linen Striped Shirt,2299,899,61% off
Green Linen Striped Shirt,2299,899,61% off
Green Oxford Striped Shirt,2299,849,63% off
Beige Oxford Striped Shirt,2299,849,63% off
Denim Blue Acid Wash Polo T-shirt,1999,699,65% off
Grey Acid Wash Polo T-shirt,1999,699,65% off
Pool Blue Jacquard Striped T-Shirt,1199,449,63% off
White Jacquard Striped T-Shirt,1199,449,63% off
Stone Grey Dual Pocket Corduroy Shirt,2499,899,64% off
Dusty Olive Dual Pocket Corduroy Shirt,2499,899,64% off
Lavender Star Patch Oversized T-Shirt,1499,899,40% off
Black HD Print Patch Oversized T-Shirt,1499,749,50% off
Mauve Linen Striped Shirt,2299,899,61% off
Green Linen Striped Shirt,2299,899,61% off
Green Oxford Striped Shirt,2299,849,63% off
Beige Oxford Striped Shirt,2299,849,63% off
Denim Blue Acid Wash Polo T-shirt,1999,699,65% off
Grey Acid Wash Polo T-shirt,1999,699,65% off
Pool Blue Jacquard Striped T-Shirt,1199,449,63% off
White Jacquard Striped T-Shirt,1199,449,63% off
Stone Grey Dual Pocket Corduroy Shirt,2499,899,64% off
Dusty Olive Dual Pocket Corduroy Shirt,2499,899,64% off
Lavender Star Patch Oversized T-Shirt,1499,899,40% off
Black HD Print Patch Oversized T-Shirt,1499,749,50% off
Mauve Linen Striped Shirt,2299,899,61% off
Green Linen Striped Shirt,2299,899,61% off
Green Oxford Striped Shirt,2299,849,63% off
Beige Oxford Striped Shirt,2299,849,63% off
Denim Blue Acid Wash Polo T-shirt,1999,699,65% off
Grey Acid Wash Polo T-shirt,1999,699,65% off
Pool Blue Jacquard Striped T-Shirt,1199,449,63% off
White Jacquard Striped T-Shirt,1199,449,63% off
Stone Grey Dual Pocket Corduroy Shirt,2499,899,64% off
Dusty Olive Dual Pocket Corduroy Shirt,2499,899,64% off
Lavender Star Patch Oversized T-Shirt,1499,899,40% off
Black HD Print Patch Oversized T-Shirt,1499,749,50% off
Mauve Linen Striped Shirt,2299,899,61% off
Green Linen Striped Shirt,2299,899,61% off
Green Oxford Striped Shirt,2299,849,63% off
Beige Oxford Striped Shirt,2299,849,63% off
Denim Blue Acid Wash Polo T-shirt,1999,699,65% off
Grey Acid Wash Polo T-shirt,1999,699,65% off
Pool Blue Jacquard Striped T-Shirt,1199,449,63% off
White Jacquard Striped T-Shirt,1199,449,63% off
Stone Grey Dual Pocket Corduroy Shirt,2499,899,64% off
Dusty Olive Dual Pocket Corduroy Shirt,2499,899,64% off
Lavender Star Patch Oversized T-Shirt,1499,899,40% off
Black HD Print Patch Oversized T-Shirt,1499,749,50% off
Mauve Linen Striped Shirt,2299,899,61% off
Green Linen Striped Shirt,2299,899,61% off
Green Oxford Striped Shirt,2299,849,63% off
Beige Oxford Striped Shirt,2299,849,63% off
Denim Blue Acid Wash Polo T-shirt,1999,699,65% off
Grey Acid Wash Polo T-shirt,1999,699,65% off
Pool Blue Jacquard Striped T-Shirt,1199,449,63% off
White Jacquard Striped T-Shirt,1199,449,63% off
Stone Grey Dual Pocket Corduroy Shirt,2499,899,64% off
Dusty Olive Dual Pocket Corduroy Shirt,2499,899,64% off
Lavender Star Patch Oversized T-Shirt,1499,899,40% off
Black HD Print Patch Oversized T-Shirt,1499,749,50% off
Mauve Linen Striped Shirt,2299,899,61% off
Green Linen Striped Shirt,2299,899,61% off
Green Oxford Striped Shirt,2299,849,63% off
Beige Oxford Striped Shirt,2299,849,63% off
Denim Blue Acid Wash Polo T-shirt,1999,699,65% off
Grey Acid Wash Polo T-shirt,1999,699,65% off
Pool Blue Jacquard Striped T-Shirt,1199,449,63% off
White Jacquard Striped T-Shirt,1199,449,63% off
Stone Grey Dual Pocket Corduroy Shirt,2499,899,64% off
Dusty Olive Dual Pocket Corduroy Shirt,2499,899,64% off
Lavender Star Patch Oversized T-Shirt,1499,899,40% off
Black HD Print Patch Oversized T-Shirt,1499,749,50% off
Mauve Linen Striped Shirt,2299,899,61% off
Green Linen Striped Shirt,2299,899,61% off
Green Oxford Striped Shirt,2299,849,63% off
Beige Oxford Striped Shirt,2299,849,63% off
Denim Blue Acid Wash Polo T-shirt,1999,699,65% off
Grey Acid Wash Polo T-shirt,1999,699,65% off
Pool Blue Jacquard Striped T-Shirt,1199,449,63% off
White Jacquard Striped T-Shirt,1199,449,63% off
Stone Grey Dual Pocket Corduroy Shirt,2499,899,64% off
Dusty Olive Dual Pocket Corduroy Shirt,2499,899,64% off
Lavender Star Patch Oversized T-Shirt,1499,899,40% off
Black HD Print Patch Oversized T-Shirt,1499,749,50% off
Mauve Linen Striped Shirt,2299,899,61% off
Green Linen Striped Shirt,2299,899,61% off
Green Oxford Striped Shirt,2299,849,63% off
Beige Oxford Striped Shirt,2299,849,63% off
Denim Blue Acid Wash Polo T-shirt,1999,699,65% off
Grey Acid Wash Polo T-shirt,1999,699,65% off
Pool Blue Jacquard Striped T-Shirt,1199,449,63% off
White Jacquard Striped T-Shirt,1199,449,63% off
Stone Grey Dual Pocket Corduroy Shirt,2499,899,64% off
Dusty Olive Dual Pocket Corduroy Shirt,2499,899,64% off
Lavender Star Patch Oversized T-Shirt,1499,899,40% off
Black HD Print Patch Oversized T-Shirt,1499,749,50% off
Mauve Linen Striped Shirt,2299,899,61% off
Green Linen Striped Shirt,2299,899,61% off
Green Oxford Striped Shirt,2299,849,63% off
Beige Oxford Striped Shirt,2299,849,63% off
Denim Blue Acid Wash Polo T-shirt,1999,699,65% off
Grey Acid Wash Polo T-shirt,1999,699,65% off
Pool Blue Jacquard Striped T-Shirt,1199,449,63% off
White Jacquard Striped T-Shirt,1199,449,63% off
Stone Grey Dual Pocket Corduroy Shirt,2499,899,64% off
Dusty Olive Dual Pocket Corduroy Shirt,2499,899,64% off
Lavender Star Patch Oversized T-Shirt,1499,899,40% off
Black HD Print Patch Oversized T-Shirt,1499,749,50% off
Mauve Linen Striped Shirt,2299,899,61% off
Green Linen Striped Shirt,2299,899,61% off
Green Oxford Striped Shirt,2299,849,63% off
Beige Oxford Striped Shirt,2299,849,63% off
Denim Blue Acid Wash Polo T-shirt,1999,699,65% off
Grey Acid Wash Polo T-shirt,1999,699,65% off
Pool Blue Jacquard Striped T-Shirt,1199,449,63% off
White Jacquard Striped T-Shirt,1199,449,63% off
Stone Grey Dual Pocket Corduroy Shirt,2499,899,64% off
Dusty Olive Dual Pocket Corduroy Shirt,2499,899,64% off
Lavender Star Patch Oversized T-Shirt,1499,899,40% off
Black HD Print Patch Oversized T-Shirt,1499,749,50% off
Mauve Linen Striped Shirt,2299,899,61% off
Green Linen Striped Shirt,2299,899,61% off
Green Oxford Striped Shirt,2299,849,63% off
Beige Oxford Striped Shirt,2299,849,63% off
Denim Blue Acid Wash Polo T-shirt,1999,699,65% off
Grey Acid Wash Polo T-shirt,1999,699,65% off
Pool Blue Jacquard Striped T-Shirt,1199,449,63% off
White Jacquard Striped T-Shirt,1199,449,63% off
Stone Grey Dual Pocket Corduroy Shirt,2499,899,64% off
Dusty Olive Dual Pocket Corduroy Shirt,2499,899,64% off
Lavender Star Patch Oversized T-Shirt,1499,899,40% off
Black HD Print Patch Oversized T-Shirt,1499,749,50% off
Mauve Linen Striped Shirt,2299,899,61% off
Green Linen Striped Shirt,2299,899,61% off
Green Oxford Striped Shirt,2299,849,63% off
Beige Oxford Striped Shirt,2299,849,63% off
Denim Blue Acid Wash Polo T-shirt,1999,699,65% off
Grey Acid Wash Polo T-shirt,1999,699,65% off
Pool Blue Jacquard Striped T-Shirt,1199,449,63% off
White Jacquard Striped T-Shirt,1199,449,63% off
Stone Grey Dual Pocket Corduroy Shirt,2499,899,64% off
Dusty Olive Dual Pocket Corduroy Shirt,2499,899,64% off
Lavender Star Patch Oversized T-Shirt,1499,899,40% off
Black HD Print Patch Oversized T-Shirt,1499,749,50% off
Mauve Linen Striped Shirt,2299,899,61% off
Green Linen Striped Shirt,2299,899,61% off
Green Oxford Striped Shirt,2299,849,63% off
Beige Oxford Striped Shirt,2299,849,63% off
Denim Blue Acid Wash Polo T-shirt,1999,699,65% off
Grey Acid Wash Polo T-shirt,1999,699,65% off
Pool Blue Jacquard Striped T-Shirt,1199,449,63% off
White Jacquard Striped T-Shirt,1199,449,63% off
Stone Grey Dual Pocket Corduroy Shirt,2499,899,64% off
Dusty Olive Dual Pocket Corduroy Shirt,2499,899,64% off
Lavender Star Patch Oversized T-Shirt,1499,899,40% off
Black HD Print Patch Oversized T-Shirt,1499,749,50% off
Mauve Linen Striped Shirt,2299,899,61% off
Green Linen Striped Shirt,2299,899,61% off
Green Oxford Striped Shirt,2299,849,63% off
Beige Oxford Striped Shirt,2299,849,63% off
Denim Blue Acid Wash Polo T-shirt,1999,699,65% off
Grey Acid Wash Polo T-shirt,1999,699,65% off
Pool Blue Jacquard Striped T-Shirt,1199,449,63% off
White Jacquard Striped T-Shirt,1199,449,63% off
Stone Grey Dual Pocket Corduroy Shirt,2499,899,64% off
Dusty Olive Dual Pocket Corduroy Shirt,2499,899,64% off
Lavender Star Patch Oversized T-Shirt,1499,899,40% off
Black HD Print Patch Oversized T-Shirt,1499,749,50% off
Mauve Linen Striped Shirt,2299,899,61% off
Green Linen Striped Shirt,2299,899,61% off
Green Oxford Striped Shirt,2299,849,63% off
Beige Oxford Striped Shirt,2299,849,63% off
Denim Blue Acid Wash Polo T-shirt,1999,699,65% off
Grey Acid Wash Polo T-shirt,1999,699,65% off
Pool Blue Jacquard Striped T-Shirt,1199,449,63% off
White Jacquard Striped T-Shirt,1199,449,63% off
Stone Grey Dual Pocket Corduroy Shirt,2499,899,64% off
Dusty Olive Dual Pocket Corduroy Shirt,2499,899,64% off
Lavender Star Patch Oversized T-Shirt,1499,899,40% off
Black HD Print Patch Oversized T-Shirt,1499,749,50% off
Mauve Linen Striped Shirt,2299,899,61% off
Green Linen Striped Shirt,2299,899,61% off
Green Oxford Striped Shirt,2299,849,63% off
Beige Oxford Striped Shirt,2299,849,63% off
Denim Blue Acid Wash Polo T-shirt,1999,699,65% off
Grey Acid Wash Polo T-shirt,1999,699,65% off
Pool Blue Jacquard Striped T-Shirt,1199,449,63% off
White Jacquard Striped T-Shirt,1199,449,63% off
Stone Grey Dual Pocket Corduroy Shirt,2499,899,64% off
Dusty Olive Dual Pocket Corduroy Shirt,2499,899,64% off
Lavender Star Patch Oversized T-Shirt,1499,899,40% off
Black HD Print Patch Oversized T-Shirt,1499,749,50% off
Mauve Linen Striped Shirt,2299,899,61% off
Green Linen Striped Shirt,2299,899,61% off
Green Oxford Striped Shirt,2299,849,63% off
Beige Oxford Striped Shirt,2299,849,63% off
Denim Blue Acid Wash Polo T-shirt,1999,699,65% off
Grey Acid Wash Polo T-shirt,1999,699,65% off
Pool Blue Jacquard Striped T-Shirt,1199,449,63% off
White Jacquard Striped T-Shirt,1199,449,63% off
Stone Grey Dual Pocket Corduroy Shirt,2499,899,64% off
Dusty Olive Dual Pocket Corduroy Shirt,2499,899,64% off
Lavender Star Patch Oversized T-Shirt,1499,899,40% off
Black HD Print Patch Oversized T-Shirt,1499,749,50% off
Mauve Linen Striped Shirt,2299,899,61% off
Green Linen Striped Shirt,2299,899,61% off
Green Oxford Striped Shirt,2299,849,63% off
Beige Oxford Striped Shirt,2299,849,63% off
Denim Blue Acid Wash Polo T-shirt,1999,699,65% off
Grey Acid Wash Polo T-shirt,1999,699,65% off
Pool Blue Jacquard Striped T-Shirt,1199,449,63% off
White Jacquard Striped T-Shirt,1199,449,63% off
Stone Grey Dual Pocket Corduroy Shirt,2499,899,64% off
Dusty Olive Dual Pocket Corduroy Shirt,2499,899,64% off
Lavender Star Patch Oversized T-Shirt,1499,899,40% off
Black HD Print Patch Oversized T-Shirt,1499,749,50% off
Mauve Linen Striped Shirt,2299,899,61% off
Green Linen Striped Shirt,2299,899,61% off
Green Oxford Striped Shirt,2299,849,63% off
Beige Oxford Striped Shirt,2299,849,63% off
Denim Blue Acid Wash Polo T-shirt,1999,699,65% off
Grey Acid Wash Polo T-shirt,1999,699,65% off
Pool Blue Jacquard Striped T-Shirt,1199,449,63% off
White Jacquard Striped T-Shirt,1199,449,63% off
Stone Grey Dual Pocket Corduroy Shirt,2499,899,64% off
Dusty Olive Dual Pocket Corduroy Shirt,2499,899,64% off
Lavender Star Patch Oversized T-Shirt,1499,899,40% off
Black HD Print Patch Oversized T-Shirt,1499,749,50% off
Mauve Linen Striped Shirt,2299,899,61% off
Green Linen Striped Shirt,2299,899,61% off
Green Oxford Striped Shirt,2299,849,63% off
Beige Oxford Striped Shirt,2299,849,63% off
Denim Blue Acid Wash Polo T-shirt,1999,699,65% off
Grey Acid Wash Polo T-shirt,1999,699,65% off
Pool Blue Jacquard Striped T-Shirt,1199,449,63% off
White Jacquard Striped T-Shirt,1199,449,63% off
Stone Grey Dual Pocket Corduroy Shirt,2499,899,64% off
Dusty Olive Dual Pocket Corduroy Shirt,2499,899,64% off
Lavender Star Patch Oversized T-Shirt,1499,899,40% off
Black HD Print Patch Oversized T-Shirt,1499,749,50% off
Mauve Linen Striped Shirt,2299,899,61% off
Green Linen Striped Shirt,2299,899,61% off
Green Oxford Striped Shirt,2299,849,63% off
Beige Oxford Striped Shirt,2299,849,63% off
Denim Blue Acid Wash Polo T-shirt,1999,699,65% off
Grey Acid Wash Polo T-shirt,1999,699,65% off
Pool Blue Jacquard Striped T-Shirt,1199,449,63% off
White Jacquard Striped T-Shirt,1199,449,63% off
Stone Grey Dual Pocket Corduroy Shirt,2499,899,64% off
Dusty Olive Dual Pocket Corduroy Shirt,2499,899,64% off
Lavender Star Patch Oversized T-Shirt,1499,899,40% off
Black HD Print Patch Oversized T-Shirt,1499,749,50% off
Mauve Linen Striped Shirt,2299,899,61% off
Green Linen Striped Shirt,2299,899,61% off
Green Oxford Striped Shirt,2299,849,63% off
Beige Oxford Striped Shirt,2299,849,63% off
Denim Blue Acid Wash Polo T-shirt,1999,699,65% off
Grey Acid Wash Polo T-shirt,1999,699,65% off
Pool Blue Jacquard Striped T-Shirt,1199,449,63% off
White Jacquard Striped T-Shirt,1199,449,63% off
Stone Grey Dual Pocket Corduroy Shirt,2499,899,64% off
Dusty Olive Dual Pocket Corduroy Shirt,2499,899,64% off
Lavender Star Patch Oversized T-Shirt,1499,899,40% off
Black HD Print Patch Oversized T-Shirt,1499,749,50% off
Mauve Linen Striped Shirt,2299,899,61% off
Green Linen Striped Shirt,2299,899,61% off
Green Oxford Striped Shirt,2299,849,63% off
Beige Oxford Striped Shirt,2299,849,63% off
Denim Blue Acid Wash Polo T-shirt,1999,699,65% off
Grey Acid Wash Polo T-shirt,1999,699,65% off
Pool Blue Jacquard Striped T-Shirt,1199,449,63% off
White Jacquard Striped T-Shirt,1199,449,63% off
Stone Grey Dual Pocket Corduroy Shirt,2499,899,64% off
Dusty Olive Dual Pocket Corduroy Shirt,2499,899,64% off
Lavender Star Patch Oversized T-Shirt,1499,899,40% off
Black HD Print Patch Oversized T-Shirt,1499,749,50% off
Mauve Linen Striped Shirt,2299,899,61% off
Green Linen Striped Shirt,2299,899,61% off
Green Oxford Striped Shirt,2299,849,63% off
Beige Oxford Striped Shirt,2299,849,63% off
Denim Blue Acid Wash Polo T-shirt,1999,699,65% off
Grey Acid Wash Polo T-shirt,1999,699,65% off
Pool Blue Jacquard Striped T-Shirt,1199,449,63% off
White Jacquard Striped T-Shirt,1199,449,63% off
Stone Grey Dual Pocket Corduroy Shirt,2499,899,64% off
Dusty Olive Dual Pocket Corduroy Shirt,2499,899,64% off
Lavender Star Patch Oversized T-Shirt,1499,899,40% off
Black HD Print Patch Oversized T-Shirt,1499,749,50% off
Mauve Linen Striped Shirt,2299,899,61% off
Green Linen Striped Shirt,2299,899,61% off
Green Oxford Striped Shirt,2299,849,63% off
Beige Oxford Striped Shirt,2299,849,63% off
Denim Blue Acid Wash Polo T-shirt,1999,699,65% off
Grey Acid Wash Polo T-shirt,1999,699,65% off
Pool Blue Jacquard Striped T-Shirt,1199,449,63% off
White Jacquard Striped T-Shirt,1199,449,63% off
Stone Grey Dual Pocket Corduroy Shirt,2499,899,64% off
Dusty Olive Dual Pocket Corduroy Shirt,2499,899,64% off
Lavender Star Patch Oversized T-Shirt,1499,899,40% off
Black HD Print Patch Oversized T-Shirt,1499,749,50% off
Mauve Linen Striped Shirt,2299,899,61% off
Green Linen Striped Shirt,2299,899,61% off
Green Oxford Striped Shirt,2299,849,63% off
Beige Oxford Striped Shirt,2299,849,63% off
Denim Blue Acid Wash Polo T-shirt,1999,699,65% off
Grey Acid Wash Polo T-shirt,1999,699,65% off
Pool Blue Jacquard Striped T-Shirt,1199,449,63% off
White Jacquard Striped T-Shirt,1199,449,63% off
Stone Grey Dual Pocket Corduroy Shirt,2499,899,64% off
Dusty Olive Dual Pocket Corduroy Shirt,2499,899,64% off
Lavender Star Patch Oversized T-Shirt,1499,899,40% off
Black HD Print Patch Oversized T-Shirt,1499,749,50% off
Mauve Linen Striped Shirt,2299,899,61% off
Green Linen Striped Shirt,2299,899,61% off
Green Oxford Striped Shirt,2299,849,63% off
Beige Oxford Striped Shirt,2299,849,63% off
Denim Blue Acid Wash Polo T-shirt,1999,699,65% off
Grey Acid Wash Polo T-shirt,1999,699,65% off
Pool Blue Jacquard Striped T-Shirt,1199,449,63% off
White Jacquard Striped T-Shirt,1199,449,63% off
Stone Grey Dual Pocket Corduroy Shirt,2499,899,64% off
Dusty Olive Dual Pocket Corduroy Shirt,2499,899,64% off
Lavender Star Patch Oversized T-Shirt,1499,899,40% off
Black HD Print Patch Oversized T-Shirt,1499,749,50% off
Mauve Linen Striped Shirt,2299,899,61% off
Green Linen Striped Shirt,2299,899,61% off
Green Oxford Striped Shirt,2299,849,63% off
Beige Oxford Striped Shirt,2299,849,63% off
Denim Blue Acid Wash Polo T-shirt,1999,699,65% off
Grey Acid Wash Polo T-shirt,1999,699,65% off
Pool Blue Jacquard Striped T-Shirt,1199,449,63% off
White Jacquard Striped T-Shirt,1199,449,63% off
Stone Grey Dual Pocket Corduroy Shirt,2499,899,64% off
Dusty Olive Dual Pocket Corduroy Shirt,2499,899,64% off
Lavender Star Patch Oversized T-Shirt,1499,899,40% off
Black HD Print Patch Oversized T-Shirt,1499,749,50% off
Mauve Linen Striped Shirt,2299,899,61% off
Green Linen Striped Shirt,2299,899,61% off
Green Oxford Striped Shirt,2299,849,63% off
Beige Oxford Striped Shirt,2299,849,63% off
Denim Blue Acid Wash Polo T-shirt,1999,699,65% off
Grey Acid Wash Polo T-shirt,1999,699,65% off
Pool Blue Jacquard Striped T-Shirt,1199,449,63% off
White Jacquard Striped T-Shirt,1199,449,63% off
Stone Grey Dual Pocket Corduroy Shirt,2499,899,64% off
Dusty Olive Dual Pocket Corduroy Shirt,2499,899,64% off
Lavender Star Patch Oversized T-Shirt,1499,899,40% off
Black HD Print Patch Oversized T-Shirt,1499,749,50% off
Mauve Linen Striped Shirt,2299,899,61% off
Green Linen Striped Shirt,2299,899,61% off
Green Oxford Striped Shirt,2299,849,63% off
Beige Oxford Striped Shirt,2299,849,63% off
Denim Blue Acid Wash Polo T-shirt,1999,699,65% off
Grey Acid Wash Polo T-shirt,1999,699,65% off
Pool Blue Jacquard Striped T-Shirt,1199,449,63% off
White Jacquard Striped T-Shirt,1199,449,63% off
Stone Grey Dual Pocket Corduroy Shirt,2499,899,64% off
Dusty Olive Dual Pocket Corduroy Shirt,2499,899,64% off
Lavender Star Patch Oversized T-Shirt,1499,899,40% off
Black HD Print Patch Oversized T-Shirt,1499,749,50% off
Mauve Linen Striped Shirt,2299,899,61% off
Green Linen Striped Shirt,2299,899,61% off
Green Oxford Striped Shirt,2299,849,63% off
Beige Oxford Striped Shirt,2299,849,63% off
Denim Blue Acid Wash Polo T-shirt,1999,699,65% off
Grey Acid Wash Polo T-shirt,1999,699,65% off
Pool Blue Jacquard Striped T-Shirt,1199,449,63% off
White Jacquard Striped T-Shirt,1199,449,63% off
Stone Grey Dual Pocket Corduroy Shirt,2499,899,64% off
Dusty Olive Dual Pocket Corduroy Shirt,2499,899,64% off
Lavender Star Patch Oversized T-Shirt,1499,899,40% off
Black HD Print Patch Oversized T-Shirt,1499,749,50% off
Mauve Linen Striped Shirt,2299,899,61% off
Green Linen Striped Shirt,2299,899,61% off
Green Oxford Striped Shirt,2299,849,63% off
Beige Oxford Striped Shirt,2299,849,63% off
Denim Blue Acid Wash Polo T-shirt,1999,699,65% off
Grey Acid Wash Polo T-shirt,1999,699,65% off
Pool Blue Jacquard Striped T-Shirt,1199,449,63% off
White Jacquard Striped T-Shirt,1199,449,63% off
Stone Grey Dual Pocket Corduroy Shirt,2499,899,64% off
Dusty Olive Dual Pocket Corduroy Shirt,2499,899,64% off
Lavender Star Patch Oversized T-Shirt,1499,899,40% off
Black HD Print Patch Oversized T-Shirt,1499,749,50% off
Mauve Linen Striped Shirt,2299,899,61% off
Green Linen Striped Shirt,2299,899,61% off
Green Oxford Striped Shirt,2299,849,63% off
Beige Oxford Striped Shirt,2299,849,63% off
Denim Blue Acid Wash Polo T-shirt,1999,699,65% off
Grey Acid Wash Polo T-shirt,1999,699,65% off
Pool Blue Jacquard Striped T-Shirt,1199,449,63% off
White Jacquard Striped T-Shirt,1199,449,63% off
Stone Grey Dual Pocket Corduroy Shirt,2499,899,64% off
Dusty Olive Dual Pocket Corduroy Shirt,2499,899,64% off
Lavender Star Patch Oversized T-Shirt,1499,899,40% off
Black HD Print Patch Oversized T-Shirt,1499,749,50% off
Mauve Linen Striped Shirt,2299,899,61% off
Green Linen Striped Shirt,2299,899,61% off
Green Oxford Striped Shirt,2299,849,63% off
Beige Oxford Striped Shirt,2299,849,63% off
Denim Blue Acid Wash Polo T-shirt,1999,699,65% off
Grey Acid Wash Polo T-shirt,1999,699,65% off
Pool Blue Jacquard Striped T-Shirt,1199,449,63% off
White Jacquard Striped T-Shirt,1199,449,63% off
Stone Grey Dual Pocket Corduroy Shirt,2499,899,64% off
Dusty Olive Dual Pocket Corduroy Shirt,2499,899,64% off
Lavender Star Patch Oversized T-Shirt,1499,899,40% off
Black HD Print Patch Oversized T-Shirt,1499,749,50% off
Mauve Linen Striped Shirt,2299,899,61% off
Green Linen Striped Shirt,2299,899,61% off
Green Oxford Striped Shirt,2299,849,63% off
Beige Oxford Striped Shirt,2299,849,63% off
Denim Blue Acid Wash Polo T-shirt,1999,699,65% off
Grey Acid Wash Polo T-shirt,1999,699,65% off
Pool Blue Jacquard Striped T-Shirt,1199,449,63% off
White Jacquard Striped T-Shirt,1199,449,63% off
Stone Grey Dual Pocket Corduroy Shirt,2499,899,64% off
Dusty Olive Dual Pocket Corduroy Shirt,2499,899,64% off
Lavender Star Patch Oversized T-Shirt,1499,899,40% off
Black HD Print Patch Oversized T-Shirt,1499,749,50% off
Mauve Linen Striped Shirt,2299,899,61% off
Green Linen Striped Shirt,2299,899,61% off
Green Oxford Striped Shirt,2299,849,63% off
Beige Oxford Striped Shirt,2299,849,63% off
Denim Blue Acid Wash Polo T-shirt,1999,699,65% off
Grey Acid Wash Polo T-shirt,1999,699,65% off
Pool Blue Jacquard Striped T-Shirt,1199,449,63% off
White Jacquard Striped T-Shirt,1199,449,63% off
Stone Grey Dual Pocket Corduroy Shirt,2499,899,64% off
Dusty Olive Dual Pocket Corduroy Shirt,2499,899,64% off
Lavender Star Patch Oversized T-Shirt,1499,899,40% off
Black HD Print Patch Oversized T-Shirt,1499,749,50% off
Mauve Linen Striped Shirt,2299,899,61% off
Green Linen Striped Shirt,2299,899,61% off
Green Oxford Striped Shirt,2299,849,63% off
Beige Oxford Striped Shirt,2299,849,63% off
Denim Blue Acid Wash Polo T-shirt,1999,699,65% off
Grey Acid Wash Polo T-shirt,1999,699,65% off
Pool Blue Jacquard Striped T-Shirt,1199,449,63% off
White Jacquard Striped T-Shirt,1199,449,63% off
Stone Grey Dual Pocket Corduroy Shirt,2499,899,64% off
Dusty Olive Dual Pocket Corduroy Shirt,2499,899,64% off
Lavender Star Patch Oversized T-Shirt,1499,899,40% off
Black HD Print Patch Oversized T-Shirt,1499,749,50% off
Mauve Linen Striped Shirt,2299,899,61% off
Green Linen Striped Shirt,2299,899,61% off
Green Oxford Striped Shirt,2299,849,63% off
Beige Oxford Striped Shirt,2299,849,63% off
Denim Blue Acid Wash Polo T-shirt,1999,699,65% off
Grey Acid Wash Polo T-shirt,1999,699,65% off
Pool Blue Jacquard Striped T-Shirt,1199,449,63% off
White Jacquard Striped T-Shirt,1199,449,63% off
Stone Grey Dual Pocket Corduroy Shirt,2499,899,64% off
Dusty Olive Dual Pocket Corduroy Shirt,2499,899,64% off
Lavender Star Patch Oversized T-Shirt,1499,899,40% off
Black HD Print Patch Oversized T-Shirt,1499,749,50% off
Mauve Linen Striped Shirt,2299,899,61% off
Green Linen Striped Shirt,2299,899,61% off
Green Oxford Striped Shirt,2299,849,63% off
Beige Oxford Striped Shirt,2299,849,63% off
Denim Blue Acid Wash Polo T-shirt,1999,699,65% off
Grey Acid Wash Polo T-shirt,1999,699,65% off
Pool Blue Jacquard Striped T-Shirt,1199,449,63% off
White Jacquard Striped T-Shirt,1199,449,63% off
Stone Grey Dual Pocket Corduroy Shirt,2499,899,64% off
Dusty Olive Dual Pocket Corduroy Shirt,2499,899,64% off
Lavender Star Patch Oversized T-Shirt,1499,899,40% off
Black HD Print Patch Oversized T-Shirt,1499,749,50% off
Mauve Linen Striped Shirt,2299,899,61% off
Green Linen Striped Shirt,2299,899,61% off
Green Oxford Striped Shirt,2299,849,63% off
Beige Oxford Striped Shirt,2299,849,63% off
Denim Blue Acid Wash Polo T-shirt,1999,699,65% off
Grey Acid Wash Polo T-shirt,1999,699,65% off
Pool Blue Jacquard Striped T-Shirt,1199,449,63% off
White Jacquard Striped T-Shirt,1199,449,63% off
Stone Grey Dual Pocket Corduroy Shirt,2499,899,64% off
Dusty Olive Dual Pocket Corduroy Shirt,2499,899,64% off
Lavender Star Patch Oversized T-Shirt,1499,899,40% off
Black HD Print Patch Oversized T-Shirt,1499,749,50% off
Mauve Linen Striped Shirt,2299,899,61% off
Green Linen Striped Shirt,2299,899,61% off
Green Oxford Striped Shirt,2299,849,63% off
Beige Oxford Striped Shirt,2299,849,63% off
Denim Blue Acid Wash Polo T-shirt,1999,699,65% off
Grey Acid Wash Polo T-shirt,1999,699,65% off
Pool Blue Jacquard Striped T-Shirt,1199,449,63% off
White Jacquard Striped T-Shirt,1199,449,63% off
Stone Grey Dual Pocket Corduroy Shirt,2499,899,64% off
Dusty Olive Dual Pocket Corduroy Shirt,2499,899,64% off
Lavender Star Patch Oversized T-Shirt,1499,899,40% off
Black HD Print Patch Oversized T-Shirt,1499,749,50% off
Mauve Linen Striped Shirt,2299,899,61% off
Green Linen Striped Shirt,2299,899,61% off
Green Oxford Striped Shirt,2299,849,63% off
Beige Oxford Striped Shirt,2299,849,63% off
Denim Blue Acid Wash Polo T-shirt,1999,699,65% off
Grey Acid Wash Polo T-shirt,1999,699,65% off
Pool Blue Jacquard Striped T-Shirt,1199,449,63% off
White Jacquard Striped T-Shirt,1199,449,63% off
Stone Grey Dual Pocket Corduroy Shirt,2499,899,64% off
Dusty Olive Dual Pocket Corduroy Shirt,2499,899,64% off
Lavender Star Patch Oversized T-Shirt,1499,899,40% off
Black HD Print Patch Oversized T-Shirt,1499,749,50% off
Mauve Linen Striped Shirt,2299,899,61% off
Green Linen Striped Shirt,2299,899,61% off
Green Oxford Striped Shirt,2299,849,63% off
Beige Oxford Striped Shirt,2299,849,63% off
Denim Blue Acid Wash Polo T-shirt,1999,699,65% off
Grey Acid Wash Polo T-shirt,1999,699,65% off
Pool Blue Jacquard Striped T-Shirt,1199,449,63% off
White Jacquard Striped T-Shirt,1199,449,63% off
Stone Grey Dual Pocket Corduroy Shirt,2499,899,64% off
Dusty Olive Dual Pocket Corduroy Shirt,2499,899,64% off
Lavender Star Patch Oversized T-Shirt,1499,899,40% off
Black HD Print Patch Oversized T-Shirt,1499,749,50% off
Mauve Linen Striped Shirt,2299,899,61% off
Green Linen Striped Shirt,2299,899,61% off
Green Oxford Striped Shirt,2299,849,63% off
Beige Oxford Striped Shirt,2299,849,63% off
Denim Blue Acid Wash Polo T-shirt,1999,699,65% off
Grey Acid Wash Polo T-shirt,1999,699,65% off
Pool Blue Jacquard Striped T-Shirt,1199,449,63% off
White Jacquard Striped T-Shirt,1199,449,63% off
Stone Grey Dual Pocket Corduroy Shirt,2499,899,64% off
Dusty Olive Dual Pocket Corduroy Shirt,2499,899,64% off
Lavender Star Patch Oversized T-Shirt,1499,899,40% off
Black HD Print Patch Oversized T-Shirt,1499,749,50% off
Mauve Linen Striped Shirt,2299,899,61% off
Green Linen Striped Shirt,2299,899,61% off
Green Oxford Striped Shirt,2299,849,63% off
Beige Oxford Striped Shirt,2299,849,63% off
Denim Blue Acid Wash Polo T-shirt,1999,699,65% off
Grey Acid Wash Polo T-shirt,1999,699,65% off
Pool Blue Jacquard Striped T-Shirt,1199,449,63% off
White Jacquard Striped T-Shirt,1199,449,63% off
Stone Grey Dual Pocket Corduroy Shirt,2499,899,64% off
Dusty Olive Dual Pocket Corduroy Shirt,2499,899,64% off
Lavender Star Patch Oversized T-Shirt,1499,899,40% off
Black HD Print Patch Oversized T-Shirt,1499,749,50% off
